<xml id="toolbox" style="display: none">
    <category name="asd" colour="20">
        <!--      <block type="inout_input">
                  <value name="VAR">
                      <value type="text">
                          <field name="TEXT">prompt</field>
                      </value>
                  </value>
              </block>-->
        <block type="inout_type_input">
            <value name="VAR">
                <value type="text">
                    <field name="TEXT">prompt</field>
                </value>
            </value>
        </block>
        <block type="inout_print">
            <value name="VAR">
                <value type="text">
                    <field name="TEXT">Hello</field>
                </value>
            </value>
        </block>
        <block type="inout_print_inline">
            <value name="VAR">
                <value type="text">
                    <field name="TEXT">Hello</field>
                </value>
            </value>
        </block>
        <block type="inout_print_end">
            <value name="VAR">
                <value type="text">
                    <field name="TEXT">Hello</field>
                </value>
            </value>
            <value name="END">
                <value type="text">
                    <field name="TEXT">,</field>
                </value>
            </value>
        </block>
        <block type="inout_print_many">
            <mutation items="2"></mutation>

            <value name="ADD0">
                <block type="text">
                    <field name="TEXT">Hello</field>
                </block>
            </value>
            <value name="ADD1">
                <block type="text">
                    <field name="TEXT">Dlm</field>
                </block>
            </value>
        </block>
        <!-- <block type="raw_block"></block> -->
    </category>
    <category id="catControl" colour="120">
        <!--<block type="controls_end_program"></block>-->
        <block type="controls_whileUntil">
            <value name="BOOL">
                <value type="logic_boolean">
                </value>
            </value>
        </block>
        <block type="time_sleep">
            <value name="DELAY_TIME">
                <value type="math_number">
                    <field name="NUM">2</field>
                </value>
            </value>
        </block>
        <block type="controls_pass"></block>
        <block type="controls_if"></block>
        <block type="controls_range">
            <value name="FROM">
                <value type="math_number">
                    <field name="NUM">0</field>
                </value>
            </value>
            <value name="TO">
                <value type="math_number">
                    <field name="NUM">5</field>
                </value>
            </value>
            <value name="STEP">
                <value type="math_number">
                    <field name="NUM">1</field>
                </value>
            </value>
        </block>
        <block type="controls_forEach">
            <value name="LIST">
                <value type="list_many_input">
                    <field name="CONTENT">0,1,2,3</field>
                </value>
                <block type="controls_range">
                    <value name="FROM">
                        <value type="math_number">
                            <field name="NUM">0</field>
                        </value>
                    </value>
                    <value name="TO">
                        <value type="math_number">
                            <field name="NUM">5</field>
                        </value>
                    </value>
                    <value name="STEP">
                        <value type="math_number">
                            <field name="NUM">1</field>
                        </value>
                    </value>
                </block>
            </value>
            <value name="VAR">
                <value type="variables_get">
                    <field name="VAR">i</field>
                </value>
            </value>
        </block>
        <block type="controls_try_finally"></block>
        <!--0    <block type="controls_repeat_ext">
                <value name="TIMES">
                    <value type="math_number">
                        <field name="NUM">10</field>
                    </value>
                </value>
            </block>-->
        <block type="controls_flow_statements"></block>
        <block type="controls_thread">
            <value name="callback">
                <value type="factory_block_return">
                    <field name="VALUE">testThread</field>
                </value>
            </value>
            <value name="VAR">
                <block type="tuple_create_with_noreturn" inline="true">
                    <mutation items="0"></mutation>
                </block>
            </value>
        </block>
        <block type="procedures_defnoreturn" inline="false">
            <field name="NAME">testThread</field>
            <statement name="STACK">
                <block type="controls_whileUntil">
                    <field name="MODE">WHILE</field>
                    <value name="BOOL">
                        <block type="logic_boolean">
                            <field name="BOOL">TRUE</field>
                        </block>
                    </value>
                    <statement name="DO">
                        <block type="inout_print" inline="false">
                            <value name="VAR">
                                <block type="text">
                                    <field name="TEXT">Hello Dlm from Thread!</field>
                                </block>
                            </value>
                            <next>
                                <block type="time_sleep">
                                    <value name="DELAY_TIME">
                                        <block type="math_number">
                                            <field name="NUM">10</field>
                                        </block>
                                    </value>
                                </block>
                            </next>
                        </block>
                    </statement>
                </block>
            </statement>
        </block>
        <block type="system_eval">
            <value name="VAR">
                <value type="text">
                    <field name="TEXT">input('Please enter your name')</field>
                </value>
            </value>
        </block>
        <!--<block type="controls_millis"></block>-->
        <block type="time_localtime"></block>
        <!--   <block type="Panic_with_status_code">
              <value name="STATUS_CODE">
                    <value type="math_number">
                        <field name="NUM">404</field>
                    </value>
                </value>
            </block>
            <block type="reset"></block>-->

    </category>
    <category id="catMath" colour="230">
        <block type="math_number"></block>
        <block type="math_constant"></block>
        <block type="math_arithmetic">
            <value name="A">
                <value type="math_number">
                    <field name="NUM">1</field>
                </value>
            </value>
            <value name="B">
                <value type="math_number">
                    <field name="NUM">1</field>
                </value>
            </value>
        </block>
        <block type="math_selfcalcu">
            <value name="A">
                <value type="variables_get">
                    <field name="VAR">a</field>
                </value>
            </value>
            <value name="B">
                <value type="math_number">
                    <field name="NUM">1</field>
                </value>
            </value>
        </block>
        <block type="math_bit">
            <value name="A">
                <value type="math_number">
                    <field name="NUM">0</field>
                </value>
            </value>
            <value name="B">
                <value type="math_number">
                    <field name="NUM">0</field>
                </value>
            </value>
        </block>
        <block type="math_trig">
            <value name="NUM">
                <value type="math_number">
                    <field name="NUM">90</field>
                </value>
            </value>
        </block>
        <block type="math_to_int">
            <value name="A">
                <value type="math_number">
                    <field name="NUM">0.998</field>
                </value>
            </value>
        </block>
        <block type="math_max_min">
            <value name="A">
                <value type="math_number">
                    <field name="NUM">1</field>
                </value>
            </value>
            <value name="B">
                <value type="math_number">
                    <field name="NUM">2</field>
                </value>
            </value>
        </block>
        <block type="math_random">
            <value name="FROM">
                <value type="math_number">
                    <field name="NUM">1</field>
                </value>
            </value>
            <value name="TO">
                <value type="math_number">
                    <field name="NUM">100</field>
                </value>
            </value>
        </block>
        <block type="math_number_base_conversion">
            <value name="NUM">
                <value type="math_number">
                    <field name="NUM">1010</field>
                </value>
            </value>
        </block>
        <block type="math_constrain">
            <value name="VALUE">
                <value type="math_number">
                    <field name="NUM">1000</field>
                </value>
            </value>
            <value name="LOW">
                <value type="math_number">
                    <field name="NUM">1</field>
                </value>
            </value>
            <value name="HIGH">
                <value type="math_number">
                    <field name="NUM">100</field>
                </value>
            </value>
        </block>
        <block type="math_map">
            <value name="NUM">
                <value type="math_number">
                    <field name="NUM">50</field>
                </value>
            </value>
            <value name="fromLow">
                <value type="math_number">
                    <field name="NUM">1</field>
                </value>
            </value>
            <value name="fromHigh">
                <value type="math_number">
                    <field name="NUM">100</field>
                </value>
            </value>
            <value name="toLow">
                <value type="math_number">
                    <field name="NUM">1</field>
                </value>
            </value>
            <value name="toHigh">
                <value type="math_number">
                    <field name="NUM">1000</field>
                </value>
            </value>
        </block>
    </category>
    <category id="catLogic" colour="210">
        <block type="logic_compare"></block>
        <block type="logic_compare_continous">
            <value name="A">
                <value type="math_number">
                    <field name="NUM">0</field>
                </value>
            </value>
            <value name="B">
                <value type="variables_get">
                    <field name="VAR">x</field>
                </value>
            </value>
            <value name="C">
                <value type="math_number">
                    <field name="NUM">2</field>
                </value>
            </value>
        </block>
        <block type="logic_operation"></block>
        <block type="logic_negate"></block>
        <block type="logic_boolean"></block>
        <block type="logic_null"></block>
        <block type="logic_true_or_false"></block>
        <block type="logic_is_in">
            <value name="A">
                <value type="variables_get">
                    <field name="VAR">x</field>
                </value>
            </value>
            <value name="B">
                <value type="list_many_input">
                    <field name="CONTENT">0,1,2,3</field>
                </value>
            </value>
        </block>
        <block type="logic_is">
            <value name="A">
                <value type="list_many_input">
                    <field name="CONTENT">0,1,2,3</field>
                </value>
            </value>
            <value name="B">
                <value type="list_many_input">
                    <field name="CONTENT">0,1,2,3</field>
                </value>
            </value>
        </block>
    </category>
    <category id="catText" colour="160">
        <block type="text">
            <field name="TEXT">Dlm</field>
        </block>
        <block type="text_textarea">
        </block>
        <block type="text_format_noreturn">
            <mutation items="1"></mutation>
            <value name="VAR">
                <value type="text">
                    <field name="TEXT">Random No. is {}</field>
                </value>
            </value>
            <value name="ADD0">
                <block type="math_random">
                    <field name="TYPE">int</field>
                    <value name="FROM">
                        <value type="math_number">
                            <field name="NUM">1</field>
                        </value>
                    </value>
                    <value name="TO">
                        <value type="math_number">
                            <field name="NUM">100</field>
                        </value>
                    </value>
                </block>
            </value>
        </block>
        <block type="text_join">
            <value name="A">
                <value type="text">
                    <field name="TEXT">Hello</field>
                </value>
            </value>
            <value name="B">
                <value type="text">
                    <field name="TEXT">Dlm</field>
                </value>
            </value>
        </block>
        <block type="text_to_number">
            <value name="VAR">
                <value type="text">
                    <field name="TEXT">123</field>
                </value>
            </value>
        </block>


        <block type="ascii_to_char">
            <value name="VAR">
                <value type="math_number">
                    <field name="NUM">65</field>
                </value>
            </value>
        </block>
        <block type="char_to_ascii">
            <value name="VAR">
                <value type="text">
                    <field name="TEXT">a</field>
                </value>
            </value>
        </block>
        <block type="number_to_text">
            <value name="VAR">
                <value type="math_number">
                    <field name="NUM">0</field>
                </value>
            </value>
        </block>
        <block type="text_length">
            <value name="VAR">
                <value type="text">
                    <field name="TEXT">Dlm</field>
                </value>
            </value>
        </block>
        <block type="text_char_at">
            <value name="VAR">
                <value type="text">
                    <field name="TEXT">Dlm</field>
                </value>
            </value>
            <value name="AT">
                <value type="math_number">
                    <field name="NUM">0</field>
                </value>
            </value>
        </block>
        <block type="text_random_char">
            <value name="VAR">
                <value type="text">
                    <field name="TEXT">Dlm</field>
                </value>
            </value>
        </block>
        <block type="text_equals_starts_ends">
            <value name="STR1">
                <value type="text">
                    <field name="TEXT"></field>
                </value>
            </value>
            <value name="STR2">
                <value type="text">
                    <field name="TEXT"></field>
                </value>
            </value>
        </block>
        <block type="text_substring">
            <value name="VAR">
                <value type="text">
                    <field name="TEXT">Dlm</field>
                </value>
            </value>
            <value name="AT1">
                <value type="math_indexer_number">
                    <field name="NUM">0</field>
                </value>
            </value>
            <value name="AT2">
                <value type="math_indexer_number">
                    <field name="NUM">2</field>
                </value>
            </value>
        </block>
        <block type="text_capital">
            <value name="VAR">
                <value type="text">
                    <field name="TEXT">Hello,dlm</field>
                </value>
            </value>
        </block>
        <block type="text_center">
            <value name="VAR">
                <value type="text">
                    <field name="TEXT">Hello,dlm</field>
                </value>
            </value>
            <value name="WID">
                <value type="math_number">
                    <field name="NUM">50</field>
                </value>
            </value>
            <value name="Symbol">
                <value type="text">
                    <field name="TEXT">*</field>
                </value>
            </value>
        </block>
        <block type="text_find">
            <value name="VAR">
                <value type="text">
                    <field name="TEXT">Hello,dlm</field>
                </value>
            </value>
            <value name="STR">
                <value type="text">
                    <field name="TEXT">l</field>
                </value>
            </value>
        </block>
        <block type="text_join_seq">
            <value name="VAR">
                <value type="text">
                    <field name="TEXT">--</field>
                </value>
            </value>
            <value name="LIST">
                <value type="variables_get">
                    <field name="VAR">mylist</field>
                </value>
            </value>
        </block>
        <block type="text_replace">
            <value name="VAR">
                <value type="text">
                    <field name="TEXT">Hello,dlm</field>
                </value>
            </value>
            <value name="STR1">
                <value type="text">
                    <field name="TEXT">dlm</field>
                </value>
            </value>
            <value name="STR2">
                <value type="text">
                    <field name="TEXT">dlm</field>
                </value>
            </value>
        </block>
        <block type="text_split">
            <value name="VAR">
                <value type="text">
                    <field name="TEXT">I love dlm！</field>
                </value>
            </value>
            <value name="VAL">
                <value type="text">
                    <field name="TEXT"> </field>
                </value>
            </value>
        </block>
        <block type="text_strip">
            <value name="VAR">
                <value type="text">
                    <field name="TEXT">  I love dlm  </field>
                </value>
            </value>
        </block>
    </category>
    <category id="catMicropyLists" colour="260">
        <block type="lists_create_with"></block>
        <block type="lists_create_with_text"></block>
        <block type="lists_zip">
            <mutation items="2"></mutation>
            <value name="ADD0">
                <block type="list_many_input">
                    <field name="CONTENT">0,1,2,3</field>
                </block>
            </value>
            <value name="ADD1">
                <block type="list_many_input">
                    <field name="CONTENT">0,1,2,3</field>
                </block>
            </value>
        </block>
        <block type="lists_get_index">
            <value name="LIST">
                <value type="variables_get">
                    <field name="VAR">mylist</field>
                </value>
            </value>
            <value name="AT">
                <value type="math_number">
                    <field name="NUM">0</field>
                </value>
            </value>
        </block>
        <block type="lists_get_sublist">
            <value name="LIST">
                <value type="variables_get">
                    <field name="VAR">mylist</field>
                </value>
            </value>
            <value name="AT1">
                <value type="math_indexer_number">
                    <field name="NUM">0</field>
                </value>
            </value>
            <value name="AT2">
                <value type="math_indexer_number">
                    <field name="NUM">2</field>
                </value>
            </value>
        </block>
        <block type="list_trig">
            <value name="data">
                <value type="variables_get">
                    <field name="VAR">mylist</field>
                </value>
            </value>
        </block>
        <block type="lists_set_index">
            <value name="LIST">
                <value type="variables_get">
                    <field name="VAR">mylist</field>
                </value>
            </value>
            <value name="AT">
                <value type="math_number">
                    <field name="NUM">0</field>
                </value>
            </value>
            <value name="TO">
                <value type="math_number">
                    <field name="NUM">0</field>
                </value>
            </value>
        </block>
        <block type="lists_insert_value">
            <value name="LIST">
                <value type="variables_get">
                    <field name="VAR">mylist</field>
                </value>
            </value>
            <value name="AT">
                <value type="math_number">
                    <field name="NUM">0</field>
                </value>
            </value>
            <value name="VALUE">
                <value type="math_number">
                    <field name="NUM">0</field>
                </value>
            </value>
        </block>
        <block type="lists_append_extend">
            <value name="LIST">
                <value type="variables_get">
                    <field name="VAR">mylist</field>
                </value>
            </value>
            <value name="DATA">
                <value type="math_number">
                    <field name="NUM">0</field>
                </value>
            </value>
        </block>
        <block type="lists_remove_at">
            <value name="LIST">
                <value type="variables_get">
                    <field name="VAR">mylist</field>
                </value>
            </value>
            <value name="DATA">
                <value type="math_number">
                    <field name="NUM">0</field>
                </value>
            </value>
        </block>
        <block type="lists_pop">
            <value name="LIST">
                <value type="variables_get">
                    <field name="VAR">mylist</field>
                </value>
            </value>
            <value name="VALUE">
                <value type="math_number">
                    <field name="NUM">0</field>
                </value>
            </value>
        </block>
        <block type="lists_get_random_item">
            <value name="LIST">
                <value type="variables_get">
                    <field name="VAR">mylist</field>
                </value>
            </value>
        </block>
        <block type="lists_find">
            <value name="VAR">
                <value type="variables_get">
                    <field name="VAR">mylist</field>
                </value>
            </value>
            <value name="data">
                <value type="math_number">
                    <field name="NUM">0</field>
                </value>
            </value>
        </block>
        <block type="lists_sort">
            <value name="LIST">
                <value type="variables_get">
                    <field name="VAR">mylist</field>
                </value>
            </value>
        </block>
        <block type="lists_reverse">
            <value name="VAR">
                <value type="variables_get">
                    <field name="VAR">mylist</field>
                </value>
            </value>
        </block>
        <block type="lists_clear">
            <value name="VAR">
                <value type="variables_get">
                    <field name="VAR">mylist</field>
                </value>
            </value>
        </block>
        <block type="lists_change_to">
            <value name="VAR">
                <value type="variables_get">
                    <field name="VAR">mylist</field>
                </value>
            </value>
        </block>
    </category>
    <category id="catTuple" colour="195">
        <block type="tuple_create_with"></block>
        <block type="tuple_create_with_text2"></block>
        <block type="tuple_getIndex">
            <value name="TUP">
                <value type="variables_get">
                    <field name="VAR">mytup</field>
                </value>
            </value>
            <value name="AT">
                <value type="math_number">
                    <field name="NUM">0</field>
                </value>
            </value>
        </block>
        <block type="tuple_get_sublist">
            <value name="LIST">
                <value type="variables_get">
                    <field name="VAR">mytup</field>
                </value>
            </value>
            <value name="AT1">
                <value type="math_indexer_number">
                    <field name="NUM">0</field>
                </value>
            </value>
            <value name="AT2">
                <value type="math_indexer_number">
                    <field name="NUM">2</field>
                </value>
            </value>
        </block>
        <block type="tuple_length">
            <value name="TUP">
                <value type="variables_get">
                    <field name="VAR">mytup</field>
                </value>
            </value>
        </block>
        <block type="tuple_del">
            <value name="TUP">
                <value type="variables_get">
                    <field name="VAR">mytup</field>
                </value>
            </value>
        </block>
        <block type="tuple_join">
            <value name="TUP1">
                <value type="variables_get">
                    <field name="VAR">mytup1</field>
                </value>
            </value>
            <value name="TUP2">
                <value type="variables_get">
                    <field name="VAR">mytup2</field>
                </value>
            </value>
        </block>
        <block type="tuple_max">
            <value name="TUP">
                <value type="variables_get">
                    <field name="VAR">mytup</field>
                </value>
            </value>
        </block>
        <block type="tuple_get_random_item">
            <value name="TUP">
                <value type="variables_get">
                    <field name="VAR">mytup</field>
                </value>
            </value>
        </block>
        <block type="tuple_change_to">
            <value name="VAR">
                <value type="variables_get">
                    <field name="VAR">mytup</field>
                </value>
            </value>
        </block>
    </category>
    <category id="catDicts" colour="345">
        <block type="dicts_create_with"></block>
        <block type="dicts_keys">
            <value name="DICT">
                <value type="variables_get">
                    <field name="VAR">mydict</field>
                </value>
            </value>
        </block>
        <block type="dicts_get">
            <value name="DICT">
                <value type="variables_get">
                    <field name="VAR">mydict</field>
                </value>
            </value>
            <value name="KEY">
                <value type="text">
                    <field name="TEXT">key</field>
                </value>
            </value>
        </block>
        <block type="dicts_add_or_change">
            <value name="DICT">
                <value type="variables_get">
                    <field name="VAR">mydict</field>
                </value>
            </value>
            <value name="KEY">
                <value type="text">
                    <field name="TEXT">key</field>
                </value>
            </value>
            <value name="VAR">
                <value type="math_number">
                    <field name="NUM">0</field>
                </value>
            </value>
        </block>
        <block type="dicts_delete">
            <value name="DICT">
                <value type="variables_get">
                    <field name="VAR">mydict</field>
                </value>
            </value>
            <value name="KEY">
                <value type="text">
                    <field name="TEXT">key</field>
                </value>
            </value>
        </block>
        <block type="dicts_pop">
            <value name="DICT">
                <value type="variables_get">
                    <field name="VAR">mydict</field>
                </value>
            </value>
            <value name="KEY">
                <value type="text">
                    <field name="TEXT">key</field>
                </value>
            </value>
        </block>
        <block type="dicts_setdefault">
            <value name="DICT">
                <value type="variables_get">
                    <field name="VAR">mydict</field>
                </value>
            </value>
            <value name="KEY">
                <value type="text">
                    <field name="TEXT">key</field>
                </value>
            </value>
            <value name="VAR">
                <value type="math_number">
                    <field name="NUM">0</field>
                </value>
            </value>
        </block>
        <block type="dicts_clear">
            <value name="DICT">
                <value type="variables_get">
                    <field name="VAR">mydict</field>
                </value>
            </value>
        </block>
        <block type="dicts_items">
            <value name="DICT">
                <value type="variables_get">
                    <field name="VAR">mydict</field>
                </value>
            </value>
        </block>
        <block type="dicts_values">
            <value name="DICT">
                <value type="variables_get">
                    <field name="VAR">mydict</field>
                </value>
            </value>
        </block>
        <block type="dicts_length">
            <value name="DICT">
                <value type="variables_get">
                    <field name="VAR">mydict</field>
                </value>
            </value>
        </block>
        <block type="dicts_deldict">
            <value name="DICT">
                <value type="variables_get">
                    <field name="VAR">mydict</field>
                </value>
            </value>
        </block>
    </category>
    <category id="catSet" colour="100">
        <block type="set_create_with"></block>
        <block type="set_length">
            <value name="SET">
                <value type="variables_get">
                    <field name="VAR">s1</field>
                </value>
            </value>
        </block>
        <block type="set_get_remove_last">
            <value name="SET">
                <value type="variables_get">
                    <field name="VAR">s1</field>
                </value>
            </value>
        </block>
        <block type="set_operate">
            <value name="SET1">
                <value type="variables_get">
                    <field name="VAR">s1</field>
                </value>
            </value>
            <value name="SET2">
                <value type="variables_get">
                    <field name="VAR">s2</field>
                </value>
            </value>
        </block>
        <block type="set_operate_update">
            <value name="SET1">
                <value type="variables_get">
                    <field name="VAR">s1</field>
                </value>
            </value>
            <value name="SET2">
                <value type="variables_get">
                    <field name="VAR">s2</field>
                </value>
            </value>
        </block>
        <block type="set_add_discard">
            <value name="SET">
                <value type="variables_get">
                    <field name="VAR">s1</field>
                </value>
            </value>
            <value name="data">
                <value type="math_number">
                    <field name="NUM">0</field>
                </value>
            </value>
        </block>
        <block type="set_update">
            <value name="SET">
                <value type="variables_get">
                    <field name="VAR">s1</field>
                </value>
            </value>
            <value name="VAR">
                <value type="text">
                    <field name="TEXT">Dlm</field>
                </value>
            </value>
        </block>
        <block type="set_sub">
            <value name="SET1">
                <value type="variables_get">
                    <field name="VAR">s1</field>
                </value>
            </value>
            <value name="SET2">
                <value type="variables_get">
                    <field name="VAR">s2</field>
                </value>
            </value>
        </block>
    </category>
    <category id="catStorage" colour="0">
        <block type="storage_fileopen">
            <value name="FILENAME">
                <value type="text">
                    <field name="TEXT">filename.txt</field>
                </value>
            </value>
            <value name="FILE">
                <value type="variables_get">
                    <field name="VAR">f</field>
                </value>
            </value>
        </block>
        <block type="storage_file_write">
            <value name="data">
                <value type="text">
                    <field name="TEXT">Dlm</field>
                </value>
            </value>
            <value name="FILE">
                <value type="variables_get">
                    <field name="VAR">f</field>
                </value>
            </value>
        </block>
        <block type="storage_get_contents">
            <value name="FILE">
                <value type="variables_get">
                    <field name="VAR">f</field>
                </value>
            </value>
            <value name="SIZE">
                <value type="math_number">
                    <field name="NUM">0</field>
                </value>
            </value>
        </block>
        <block type="storage_file_tell">
            <value name="FILE">
                <value type="variables_get">
                    <field name="VAR">f</field>
                </value>
            </value>
        </block>
        <block type="storage_file_seek">
            <value name="FILE">
                <value type="variables_get">
                    <field name="VAR">f</field>
                </value>
            </value>
            <value name="SIZE">
                <value type="math_number">
                    <field name="NUM">0</field>
                </value>
            </value>
        </block>
        <block type="storage_can_write_ornot">
            <value name="FILE">
                <value type="variables_get">
                    <field name="VAR">f</field>
                </value>
            </value>
        </block>
        <block type="storage_get_filename">
            <value name="FILE">
                <value type="variables_get">
                    <field name="VAR">f</field>
                </value>
            </value>
        </block>
        <block type="storage_close_file">
            <value name="FILE">
                <value type="variables_get">
                    <field name="VAR">f</field>
                </value>
            </value>
        </block>
        <block type="storage_list_all_files"> </block>
        <block type="storage_get_current_dir"> </block>
        <block type="storage_change_dir">
            <value name="FILE">
                <value type="text">
                    <field name="TEXT">path</field>
                </value>
            </value>
        </block>
        <block type="storage_make_dir">
            <value name="PATH">
                <value type="text">
                    <field name="TEXT">path</field>
                </value>
            </value>
        </block>
        <block type="storage_delete_file">
            <value name="FILE">
                <value type="text">
                    <field name="TEXT">filename.txt</field>
                </value>
            </value>
        </block>
        <block type="storage_rename">
            <value name="FILE">
                <value type="text">
                    <field name="TEXT">srcname.txt</field>
                </value>
            </value>
            <value name="NEWFILE">
                <value type="text">
                    <field name="TEXT">dstname.txt</field>
                </value>
            </value>
        </block>
        <block type="storage_get_file_size">
            <value name="FILE">
                <value type="text">
                    <field name="TEXT">filename.txt</field>
                </value>
            </value>
        </block>
        <block type="storage_is_file">
            <value name="FILE">
                <value type="text">
                    <field name="TEXT">path</field>
                </value>
            </value>
        </block>
    </category>
    <category id="catTurtle" colour="180">
        <block type="turtle_create"></block>
        <block type="turtle_done"></block>
        <block type="turtle_exitonclick"></block>
        <block type="turtle_move">
            <value name="TUR">
                <value type="variables_get">
                    <field name="VAR">xiaodi</field>
                </value>
            </value>
            <value name="VAR">
                <value type="math_number">
                    <field name="NUM">20</field>
                </value>
            </value>
        </block>
        <block type="turtle_rotate">
            <value name="TUR">
                <value type="variables_get">
                    <field name="VAR">xiaodi</field>
                </value>
            </value>
            <value name="VAR">
                <value type="math_number">
                    <field name="NUM">90</field>
                </value>
            </value>
        </block>
        <block type="turtle_setheading">
            <value name="TUR">
                <value type="variables_get">
                    <field name="VAR">xiaodi</field>
                </value>
            </value>
            <value name="data">
                <value type="math_number">
                    <field name="NUM">0</field>
                </value>
            </value>
        </block>
        <block type="turtle_goto">
            <value name="TUR">
                <value type="variables_get">
                    <field name="VAR">xiaodi</field>
                </value>
            </value>
            <value name="data">
                <value type="math_number">
                    <field name="NUM">20</field>
                </value>
            </value>
            <value name="val">
                <value type="math_number">
                    <field name="NUM">20</field>
                </value>
            </value>
        </block>
        <block type="turtle_setxy">
            <value name="TUR">
                <value type="variables_get">
                    <field name="VAR">xiaodi</field>
                </value>
            </value>
            <value name="VAR">
                <value type="math_number">
                    <field name="NUM">50</field>
                </value>
            </value>
        </block>
        <block type="turtle_pos_shape">
            <value name="TUR">
                <value type="variables_get">
                    <field name="VAR">xiaodi</field>
                </value>
            </value>
        </block>
        <block type="turtle_clear">
            <value name="TUR">
                <value type="variables_get">
                    <field name="VAR">xiaodi</field>
                </value>
            </value>
        </block>
        <block type="turtle_penup">
            <value name="TUR">
                <value type="variables_get">
                    <field name="VAR">xiaodi</field>
                </value>
            </value>
        </block>
        <!--      <block type="turtle_size_speed">
                  <value name="VAR">
                      <value type="math_number">
                          <field name="NUM">5</field>
                      </value>
                  </value>
              </block>-->
        <block type="turtle_size">
            <value name="TUR">
                <value type="variables_get">
                    <field name="VAR">xiaodi</field>
                </value>
            </value>
            <value name="data">
                <value type="math_number">
                    <field name="NUM">5</field>
                </value>
            </value>
        </block>
        <block type="turtle_shape">
            <value name="TUR">
                <value type="variables_get">
                    <field name="VAR">xiaodi</field>
                </value>
            </value>
        </block>
        <block type="turtle_speed">
            <value name="TUR">
                <value type="variables_get">
                    <field name="VAR">xiaodi</field>
                </value>
            </value>
            <value name="data">
                <value type="math_number">
                    <field name="NUM">5</field>
                </value>
            </value>
        </block>
        <block type="turtle_screen_delay">
            <value name="TUR">
                <value type="variables_get">
                    <field name="VAR">xiaodi</field>
                </value>
            </value>
            <value name="data">
                <value type="math_number">
                    <field name="NUM">10</field>
                </value>
            </value>
        </block>
        <block type="turtle_circle">
            <value name="TUR">
                <value type="variables_get">
                    <field name="VAR">xiaodi</field>
                </value>
            </value>
            <value name="VAR">
                <value type="math_number">
                    <field name="NUM">50</field>
                </value>
            </value>
        </block>
        <block type="turtle_circle_advanced">
            <value name="TUR">
                <value type="variables_get">
                    <field name="VAR">xiaodi</field>
                </value>
            </value>
            <value name="VAR">
                <value type="math_number">
                    <field name="NUM">50</field>
                </value>
            </value>
            <value name="data">
                <value type="math_number">
                    <field name="NUM">360</field>
                </value>
            </value>
        </block>
        <block type="turtle_clone">
            <value name="TUR">
                <value type="variables_get">
                    <field name="VAR">xiaodi</field>
                </value>
            </value>
        </block>
        <block type="turtle_visible">
            <value name="TUR">
                <value type="variables_get">
                    <field name="VAR">xiaodi</field>
                </value>
            </value>
        </block>
        <block type="turtle_numinput">
            <value name="TITLE">
                <value type="text">
                    <field name="TEXT">NUM</field>
                </value>
            </value>
            <value name="PROMPT">
                <value type="text">
                    <field name="TEXT">Input a number:</field>
                </value>
            </value>
            <value name="DEFAULT">
                <value type="math_number">
                    <field name="NUM">10</field>
                </value>
            </value>
            <value name="MIN">
                <value type="math_number">
                    <field name="NUM">0</field>
                </value>
            </value>
            <value name="MAX">
                <value type="math_number">
                    <field name="NUM">100</field>
                </value>
            </value>
        </block>
        <block type="turtle_textinput">
            <value name="TITLE">
                <value type="text">
                    <field name="TEXT">Input your name</field>
                </value>
            </value>
            <value name="PROMPT">
                <value type="text">
                    <field name="TEXT">What's your name?</field>
                </value>
            </value>
        </block>
        <block type="turtle_write">
            <value name="TUR">
                <value type="variables_get">
                    <field name="VAR">xiaodi</field>
                </value>
            </value>
            <value name="VAR">
                <value type="text">
                    <field name="TEXT">Dlm!</field>
                </value>
            </value>
        </block>
        <block type="turtle_write_format">
            <value name="TUR">
                <value type="variables_get">
                    <field name="VAR">xiaodi</field>
                </value>
            </value>
            <value name="VAR">
                <value type="text">
                    <field name="TEXT">Dlm!</field>
                </value>
            </value>
            <value name="FONTNAME">
                <value type="text">
                    <field name="TEXT">Arial</field>
                </value>
            </value>
            <value name="FONTNUM">
                <value type="math_number">
                    <field name="NUM">8</field>
                </value>
            </value>
        </block>
        <block type="turtle_bgcolor"></block>
        <block type="turtle_pencolor">
            <value name="TUR">
                <value type="variables_get">
                    <field name="VAR">xiaodi</field>
                </value>
            </value>
        </block>


        <block type="turtle_fillcolor">
            <value name="TUR">
                <value type="variables_get">
                    <field name="VAR">xiaodi</field>
                </value>
            </value>
        </block>
        <block type="turtle_bgcolor_hex">
            <value name="VAR">
                <value type="text">
                    <field name="TEXT">FF0000</field>
                </value>
            </value>
        </block>
        <block type="turtle_pencolor_hex">
            <value name="TUR">
                <value type="variables_get">
                    <field name="VAR">xiaodi</field>
                </value>
            </value>
            <value name="VAR">
                <value type="text">
                    <field name="TEXT">FF0000</field>
                </value>
            </value>
        </block>
        <block type="turtle_fillcolor_hex">
            <value name="TUR">
                <value type="variables_get">
                    <field name="VAR">xiaodi</field>
                </value>
            </value>
            <value name="VAR">
                <value type="text">
                    <field name="TEXT">FF0000</field>
                </value>
            </value>
        </block>
        <block type="turtle_fill">
            <value name="TUR">
                <value type="variables_get">
                    <field name="VAR">xiaodi</field>
                </value>
            </value>
        </block>




    </category>
    <category id="catData" colour="170">
        <block type="series_create">
            <value name="SER">
                <value type="variables_get">
                    <field name="VAR">mylist</field>
                </value>
            </value>
        </block>
        <block type="series_create_from_index">
            <value name="SER">
                <value type="variables_get">
                    <field name="VAR">mylist</field>
                </value>
            </value>
            <value name="INDEX">
                <value type="list_many_input">
                    <field name="CONTENT">0,1,2,3</field>
                </value>
            </value>
        </block>
        <block type="series_create_from_text"></block>
        <block type="dataframe_create">
            <value name="SER">
                <value type="variables_get">
                    <field name="VAR">mydict</field>
                </value>
            </value>
        </block>
        <block type="dataframe_create_from_one_index">
            <value name="SER">
                <value type="variables_get">
                    <field name="VAR">mydict</field>
                </value>
            </value>
            <value name="INDEX">
                <value type="list_many_input">
                    <field name="CONTENT">'a','b','c','d'</field>
                </value>
            </value>
        </block>
        <block type="dataframe_create_from_index">
            <value name="SER">
                <value type="variables_get">
                    <field name="VAR">mydict</field>
                </value>
            </value>
            <value name="INDEX_COLUMN">
                <value type="list_many_input">
                    <field name="CONTENT">'ABCD'</field>
                </value>
            </value>
            <value name="INDEX_RAW">
                <value type="list_many_input">
                    <field name="CONTENT">'a','b','c','d'</field>
                </value>
            </value>
        </block>
        <block type="series_index_value">
            <value name="SERIES">
                <value type="variables_get">
                    <field name="VAR">ser1</field>
                </value>
            </value>
        </block>
        <block type="series_get_num">
            <value name="SER">
                <value type="variables_get">
                    <field name="VAR">ser1</field>
                </value>
            </value>
            <value name="AT">
                <value type="math_number">
                    <field name="NUM">0</field>
                </value>
            </value>
        </block>


        <block type="pl_plot">
            <value name="SER">
                <value type="variables_get">
                    <field name="VAR">ser1</field>
                </value>
            </value>
        </block>
        <block type="pl_show"></block>
        <block type="pl_legend"></block>
        <block type="pl_title">
            <value name="TITLE">
                <value type="text">
                    <field name="TEXT">Title</field>
                </value>
            </value>
        </block>
        <block type="pl_label">
            <value name="LABEL">
                <value type="text">
                    <field name="TEXT">axis</field>
                </value>
            </value>
        </block>
    </category>

    <category id="catNetwork" colour="0">
        <block type="requests_get">
            <value name="DOMAIN">
                <value type="text">
                    <field name="TEXT">http://www.baidu.com</field>
                </value>
            </value>
        </block>
        <block type="requests_attribute">
            <value name="VAL">
                <value type="variables_get">
                    <field name="VAR">response</field>
                </value>
            </value>
        </block>
        <block type="requests_method">
            <value name="VAR">
                <value type="text">
                    <field name="TEXT">http://www.baidu.com</field>
                </value>
            </value>
        </block>
    </category>
    <category id="catHardwareS4A" colour="40">
        <block type="hardware_arduino_start">
            <value name="SUB">
                <value type="variables_get">
                    <field name="VAR">s4a</field>
                </value>
            </value>
        </block>
        <block type="hardware_arduino_digital_write">
            <value name="SUB">
                <value type="variables_get">
                    <field name="VAR">s4a</field>
                </value>
            </value>
            <value name="PIN">
                <value type="pins_digital_write"></value>
                <field name="PIN">13</field>
            </value>
            <value name="STAT">
                <value type="inout_highlow">
                </value>
            </value>
        </block>
        <block type="hardware_arduino_digital_read">
            <value name="SUB">
                <value type="variables_get">
                    <field name="VAR">s4a</field>
                </value>
            </value>
            <value name="PIN">
                <value type="pins_digital_read"></value>
                <field name="PIN">2</field>
            </value>
        </block>
        <block type="hardware_arduino_analog_write">
            <value name="SUB">
                <value type="variables_get">
                    <field name="VAR">s4a</field>
                </value>
            </value>
            <value name="PIN">
                <value type="pins_analog_write"></value>
                <field name="PIN">5</field>
            </value>
            <value name="NUM">
                <value type="math_number">
                    <field name="NUM">255</field>
                </value>
            </value>
        </block>
        <block type="hardware_arduino_analog_read">
            <value name="SUB">
                <value type="variables_get">
                    <field name="VAR">s4a</field>
                </value>
            </value>
            <value name="PIN">
                <value type="pins_analog_read"></value>
                <field name="PIN">0</field>
            </value>
        </block>
    </category>
    <sep></sep>
    <category id="catVar" colour="330" custom="VARIABLE">
    </category>
    <category id="catFun" custom="PROCEDURE" colour="290"></category>
</xml>